Department name,Degree type,Handle,Browse URL,Year
Biological Engineering,Bachelor's degree,1721.1/7626,https://dspace.mit.edu/handle/1721.1/7626/browse?rpp=100&sort_by=2&type=dateissued&etal=-1&order=ASC&year=1960&starts_with=&submit=Go,
Biological Engineering,Engineer's degree,1721.1/7627,https://dspace.mit.edu/handle/1721.1/7627/browse?rpp=100&sort_by=2&type=dateissued&etal=-1&order=ASC&year=1960&starts_with=&submit=Go,
Biological Engineering,Master's degree,1721.1/7628,https://dspace.mit.edu/handle/1721.1/7628/browse?rpp=100&sort_by=2&type=dateissued&etal=-1&order=ASC&year=1960&starts_with=&submit=Go,
Biological Engineering,Ph.D. / Sc.D.,1721.1/7629,https://dspace.mit.edu/handle/1721.1/7629/browse?rpp=100&sort_by=2&type=dateissued&etal=-1&order=ASC&year=1960&starts_with=&submit=Go,
Comparative Media Studies,Master's degree,1721.1/39100,https://dspace.mit.edu/handle/1721.1/39100/browse?rpp=100&sort_by=2&type=dateissued&etal=-1&order=ASC&year=1960&starts_with=&submit=Go,
Science Writing,Master's degree,1721.1/106909,https://dspace.mit.edu/handle/1721.1/106909/browse?rpp=100&sort_by=2&type=dateissued&etal=-1&order=ASC&year=1960&starts_with=&submit=Go,
Computation for Design and Optimization,Master's degree,1721.1/39115,https://dspace.mit.edu/handle/1721.1/39115/browse?rpp=100&sort_by=2&type=dateissued&etal=-1&order=ASC&year=1960&starts_with=&submit=Go,
Computational and Systems Biology,Master's degree,1721.1/72923,https://dspace.mit.edu/handle/1721.1/72923/browse?rpp=100&sort_by=2&type=dateissued&etal=-1&order=ASC&year=1960&starts_with=&submit=Go,
Computational and Systems Biology,Ph.D. / Sc.D.,1721.1/54823,https://dspace.mit.edu/handle/1721.1/54823/browse?rpp=100&sort_by=2&type=dateissued&etal=-1&order=ASC&year=1960&starts_with=&submit=Go,
Aeronautics and Astronautics,Bachelor's degree,1721.1/7630,https://dspace.mit.edu/handle/1721.1/7630/browse?rpp=100&sort_by=2&type=dateissued&etal=-1&order=ASC&year=1960&starts_with=&submit=Go,
Aeronautics and Astronautics,Engineer's degree,1721.1/7744,https://dspace.mit.edu/handle/1721.1/7744/browse?rpp=100&sort_by=2&type=dateissued&etal=-1&order=ASC&year=1960&starts_with=&submit=Go,
Aeronautics and Astronautics,Master's degree,1721.1/7631,https://dspace.mit.edu/handle/1721.1/7631/browse?rpp=100&sort_by=2&type=dateissued&etal=-1&order=ASC&year=1960&starts_with=&submit=Go,
Aeronautics and Astronautics,Ph.D. / Sc.D.,1721.1/7632,https://dspace.mit.edu/handle/1721.1/7632/browse?rpp=100&sort_by=2&type=dateissued&etal=-1&order=ASC&year=1960&starts_with=&submit=Go,
Architecture,Bachelor's degree,1721.1/7634,https://dspace.mit.edu/handle/1721.1/7634/browse?rpp=100&sort_by=2&type=dateissued&etal=-1&order=ASC&year=1960&starts_with=&submit=Go,
Architecture,Master's degree,1721.1/7635,https://dspace.mit.edu/handle/1721.1/7635/browse?rpp=100&sort_by=2&type=dateissued&etal=-1&order=ASC&year=1960&starts_with=&submit=Go,
Architecture,Ph.D. / Sc.D.,1721.1/7633,https://dspace.mit.edu/handle/1721.1/7633/browse?rpp=100&sort_by=2&type=dateissued&etal=-1&order=ASC&year=1960&starts_with=&submit=Go,
Biology,Bachelor's degree,1721.1/7636,https://dspace.mit.edu/handle/1721.1/7636/browse?rpp=100&sort_by=2&type=dateissued&etal=-1&order=ASC&year=1960&starts_with=&submit=Go,
Biology,Master's degree,1721.1/7591,https://dspace.mit.edu/handle/1721.1/7591/browse?rpp=100&sort_by=2&type=dateissued&etal=-1&order=ASC&year=1960&starts_with=&submit=Go,
Biology,Ph.D. / Sc.D.,1721.1/7592,https://dspace.mit.edu/handle/1721.1/7592/browse?rpp=100&sort_by=2&type=dateissued&etal=-1&order=ASC&year=1960&starts_with=&submit=Go,
Brain and Cognitive Sciences,Bachelor's degree,1721.1/7637,https://dspace.mit.edu/handle/1721.1/7637/browse?rpp=100&sort_by=2&type=dateissued&etal=-1&order=ASC&year=1960&starts_with=&submit=Go,
Brain and Cognitive Sciences,Master's degree,1721.1/7638,https://dspace.mit.edu/handle/1721.1/7638/browse?rpp=100&sort_by=2&type=dateissued&etal=-1&order=ASC&year=1960&starts_with=&submit=Go,
Brain and Cognitive Sciences,Ph.D. / Sc.D.,1721.1/7639,https://dspace.mit.edu/handle/1721.1/7639/browse?rpp=100&sort_by=2&type=dateissued&etal=-1&order=ASC&year=1960&starts_with=&submit=Go,
Chemical Engineering,Bachelor's degree,1721.1/7641,https://dspace.mit.edu/handle/1721.1/7641/browse?rpp=100&sort_by=2&type=dateissued&etal=-1&order=ASC&year=1960&starts_with=&submit=Go,
Chemical Engineering,Engineer's degree,1721.1/7643,https://dspace.mit.edu/handle/1721.1/7643/browse?rpp=100&sort_by=2&type=dateissued&etal=-1&order=ASC&year=1960&starts_with=&submit=Go,
Chemical Engineering,Master's degree,1721.1/7642,https://dspace.mit.edu/handle/1721.1/7642/browse?rpp=100&sort_by=2&type=dateissued&etal=-1&order=ASC&year=1960&starts_with=&submit=Go,
Chemical Engineering,Ph.D. / Sc.D.,1721.1/7640,https://dspace.mit.edu/handle/1721.1/7640/browse?rpp=100&sort_by=2&type=dateissued&etal=-1&order=ASC&year=1960&starts_with=&submit=Go,
Chemistry,Bachelor's degree,1721.1/7644,https://dspace.mit.edu/handle/1721.1/7644/browse?rpp=100&sort_by=2&type=dateissued&etal=-1&order=ASC&year=1960&starts_with=&submit=Go,
Chemistry,Master's degree,1721.1/7645,https://dspace.mit.edu/handle/1721.1/7645/browse?rpp=100&sort_by=2&type=dateissued&etal=-1&order=ASC&year=1960&starts_with=&submit=Go,
Chemistry,Ph.D. / Sc.D.,1721.1/7646,https://dspace.mit.edu/handle/1721.1/7646/browse?rpp=100&sort_by=2&type=dateissued&etal=-1&order=ASC&year=1960&starts_with=&submit=Go,
Civil and Environmental Engineering,Bachelor's degree,1721.1/7648,https://dspace.mit.edu/handle/1721.1/7648/browse?rpp=100&sort_by=2&type=dateissued&etal=-1&order=ASC&year=1960&starts_with=&submit=Go,
Civil and Environmental Engineering,Engineer's degree,1721.1/7649,https://dspace.mit.edu/handle/1721.1/7649/browse?rpp=100&sort_by=2&type=dateissued&etal=-1&order=ASC&year=1960&starts_with=&submit=Go,
Civil and Environmental Engineering,Master's degree,1721.1/7652,https://dspace.mit.edu/handle/1721.1/7652/browse?rpp=100&sort_by=2&type=dateissued&etal=-1&order=ASC&year=1960&starts_with=&submit=Go,
Civil and Environmental Engineering,Ph.D. / Sc.D.,1721.1/7653,https://dspace.mit.edu/handle/1721.1/7653/browse?rpp=100&sort_by=2&type=dateissued&etal=-1&order=ASC&year=1960&starts_with=&submit=Go,
"Earth, Atmospheric and Planetary Sciences",Ph.D. / Sc.D.,1721.1/7654,https://dspace.mit.edu/handle/1721.1/7654/browse?rpp=100&sort_by=2&type=dateissued&etal=-1&order=ASC&year=1960&starts_with=&submit=Go,
"Earth, Atmospheric, and Planetary Sciences",Bachelor's degree,1721.1/7655,https://dspace.mit.edu/handle/1721.1/7655/browse?rpp=100&sort_by=2&type=dateissued&etal=-1&order=ASC&year=1960&starts_with=&submit=Go,
"Earth, Atmospheric, and Planetary Sciences",Master's degree,1721.1/7656,https://dspace.mit.edu/handle/1721.1/7656/browse?rpp=100&sort_by=2&type=dateissued&etal=-1&order=ASC&year=1960&starts_with=&submit=Go,
Economics,Bachelor's degree,1721.1/7657,https://dspace.mit.edu/handle/1721.1/7657/browse?rpp=100&sort_by=2&type=dateissued&etal=-1&order=ASC&year=1960&starts_with=&submit=Go,
Economics,Master's degree,1721.1/7658,https://dspace.mit.edu/handle/1721.1/7658/browse?rpp=100&sort_by=2&type=dateissued&etal=-1&order=ASC&year=1960&starts_with=&submit=Go,
Economics,Ph.D. / Sc.D.,1721.1/7659,https://dspace.mit.edu/handle/1721.1/7659/browse?rpp=100&sort_by=2&type=dateissued&etal=-1&order=ASC&year=1960&starts_with=&submit=Go,
Electrical Engineering and Computer Sciences,Bachelor's degree,1721.1/7661,https://dspace.mit.edu/handle/1721.1/7661/browse?rpp=100&sort_by=2&type=dateissued&etal=-1&order=ASC&year=1960&starts_with=&submit=Go,
Electrical Engineering and Computer Sciences,Engineer's degree,1721.1/7662,https://dspace.mit.edu/handle/1721.1/7662/browse?rpp=100&sort_by=2&type=dateissued&etal=-1&order=ASC&year=1960&starts_with=&submit=Go,
Electrical Engineering and Computer Sciences,Master's degree,1721.1/7663,https://dspace.mit.edu/handle/1721.1/7663/browse?rpp=100&sort_by=2&type=dateissued&etal=-1&order=ASC&year=1960&starts_with=&submit=Go,
Electrical Engineering and Computer Sciences,Ph.D. / Sc.D.,1721.1/7660,https://dspace.mit.edu/handle/1721.1/7660/browse?rpp=100&sort_by=2&type=dateissued&etal=-1&order=ASC&year=1960&starts_with=&submit=Go,
Humanities,Bachelor's degree,1721.1/7666,https://dspace.mit.edu/handle/1721.1/7666/browse?rpp=100&sort_by=2&type=dateissued&etal=-1&order=ASC&year=1960&starts_with=&submit=Go,
Humanities,Master's degree,1721.1/7667,https://dspace.mit.edu/handle/1721.1/7667/browse?rpp=100&sort_by=2&type=dateissued&etal=-1&order=ASC&year=1960&starts_with=&submit=Go,
Humanities,Ph.D. / Sc.D.,1721.1/7665,https://dspace.mit.edu/handle/1721.1/7665/browse?rpp=100&sort_by=2&type=dateissued&etal=-1&order=ASC&year=1960&starts_with=&submit=Go,
Interdisciplinary Science,Bachelor's degree,1721.1/7671,https://dspace.mit.edu/handle/1721.1/7671/browse?rpp=100&sort_by=2&type=dateissued&etal=-1&order=ASC&year=1960&starts_with=&submit=Go,
Interdisciplinary Science,Master's degree,1721.1/7672,https://dspace.mit.edu/handle/1721.1/7672/browse?rpp=100&sort_by=2&type=dateissued&etal=-1&order=ASC&year=1960&starts_with=&submit=Go,
Interdisciplinary Science,Ph.D. / Sc.D.,1721.1/7670,https://dspace.mit.edu/handle/1721.1/7670/browse?rpp=100&sort_by=2&type=dateissued&etal=-1&order=ASC&year=1960&starts_with=&submit=Go,
Linguistics and Philosophy,Bachelor's degree,1721.1/7674,https://dspace.mit.edu/handle/1721.1/7674/browse?rpp=100&sort_by=2&type=dateissued&etal=-1&order=ASC&year=1960&starts_with=&submit=Go,
Linguistics and Philosophy,Master's degree,1721.1/7675,https://dspace.mit.edu/handle/1721.1/7675/browse?rpp=100&sort_by=2&type=dateissued&etal=-1&order=ASC&year=1960&starts_with=&submit=Go,
Linguistics and Philosophy,Ph.D. / Sc.D.,1721.1/7673,https://dspace.mit.edu/handle/1721.1/7673/browse?rpp=100&sort_by=2&type=dateissued&etal=-1&order=ASC&year=1960&starts_with=&submit=Go,
Materials Science and Engineering,Bachelor's degree,1721.1/7678,https://dspace.mit.edu/handle/1721.1/7678/browse?rpp=100&sort_by=2&type=dateissued&etal=-1&order=ASC&year=1960&starts_with=&submit=Go,
Materials Science and Engineering,Engineer's degree,1721.1/7679,https://dspace.mit.edu/handle/1721.1/7679/browse?rpp=100&sort_by=2&type=dateissued&etal=-1&order=ASC&year=1960&starts_with=&submit=Go,
Materials Science and Engineering,Master's degree,1721.1/7677,https://dspace.mit.edu/handle/1721.1/7677/browse?rpp=100&sort_by=2&type=dateissued&etal=-1&order=ASC&year=1960&starts_with=&submit=Go,
Materials Science and Engineering,Ph.D. / Sc.D.,1721.1/7676,https://dspace.mit.edu/handle/1721.1/7676/browse?rpp=100&sort_by=2&type=dateissued&etal=-1&order=ASC&year=1960&starts_with=&submit=Go,
Mathematics,Bachelor's degree,1721.1/7681,https://dspace.mit.edu/handle/1721.1/7681/browse?rpp=100&sort_by=2&type=dateissued&etal=-1&order=ASC&year=1960&starts_with=&submit=Go,
Mathematics,Master's degree,1721.1/7682,https://dspace.mit.edu/handle/1721.1/7682/browse?rpp=100&sort_by=2&type=dateissued&etal=-1&order=ASC&year=1960&starts_with=&submit=Go,
Mathematics,Ph.D. / Sc.D.,1721.1/7680,https://dspace.mit.edu/handle/1721.1/7680/browse?rpp=100&sort_by=2&type=dateissued&etal=-1&order=ASC&year=1960&starts_with=&submit=Go,
Mechanical Engineering,Bachelor's degree,1721.1/7686,https://dspace.mit.edu/handle/1721.1/7686/browse?rpp=100&sort_by=2&type=dateissued&etal=-1&order=ASC&year=1960&starts_with=&submit=Go,
Mechanical Engineering,Engineer's degree,1721.1/7685,https://dspace.mit.edu/handle/1721.1/7685/browse?rpp=100&sort_by=2&type=dateissued&etal=-1&order=ASC&year=1960&starts_with=&submit=Go,
Mechanical Engineering,Master's degree,1721.1/7684,https://dspace.mit.edu/handle/1721.1/7684/browse?rpp=100&sort_by=2&type=dateissued&etal=-1&order=ASC&year=1960&starts_with=&submit=Go,
Mechanical Engineering,Ph.D. / Sc.D.,1721.1/7683,https://dspace.mit.edu/handle/1721.1/7683/browse?rpp=100&sort_by=2&type=dateissued&etal=-1&order=ASC&year=1960&starts_with=&submit=Go,
Nuclear Engineering,Bachelor's degree,1721.1/7688,https://dspace.mit.edu/handle/1721.1/7688/browse?rpp=100&sort_by=2&type=dateissued&etal=-1&order=ASC&year=1960&starts_with=&submit=Go,
Nuclear Engineering,Engineer's degree,1721.1/7690,https://dspace.mit.edu/handle/1721.1/7690/browse?rpp=100&sort_by=2&type=dateissued&etal=-1&order=ASC&year=1960&starts_with=&submit=Go,
Nuclear Engineering,Master's degree,1721.1/7689,https://dspace.mit.edu/handle/1721.1/7689/browse?rpp=100&sort_by=2&type=dateissued&etal=-1&order=ASC&year=1960&starts_with=&submit=Go,
Nuclear Engineering,Ph.D. / Sc.D.,1721.1/7687,https://dspace.mit.edu/handle/1721.1/7687/browse?rpp=100&sort_by=2&type=dateissued&etal=-1&order=ASC&year=1960&starts_with=&submit=Go,
Ocean Engineering,Bachelor's degree,1721.1/7692,https://dspace.mit.edu/handle/1721.1/7692/browse?rpp=100&sort_by=2&type=dateissued&etal=-1&order=ASC&year=1960&starts_with=&submit=Go,
Ocean Engineering,Engineer's degree,1721.1/7694,https://dspace.mit.edu/handle/1721.1/7694/browse?rpp=100&sort_by=2&type=dateissued&etal=-1&order=ASC&year=1960&starts_with=&submit=Go,
Ocean Engineering,Master's degree,1721.1/7693,https://dspace.mit.edu/handle/1721.1/7693/browse?rpp=100&sort_by=2&type=dateissued&etal=-1&order=ASC&year=1960&starts_with=&submit=Go,
Ocean Engineering,Ph.D. / Sc.D.,1721.1/7691,https://dspace.mit.edu/handle/1721.1/7691/browse?rpp=100&sort_by=2&type=dateissued&etal=-1&order=ASC&year=1960&starts_with=&submit=Go,
Physics,Bachelor's degree,1721.1/7696,https://dspace.mit.edu/handle/1721.1/7696/browse?rpp=100&sort_by=2&type=dateissued&etal=-1&order=ASC&year=1960&starts_with=&submit=Go,
Physics,Master's degree,1721.1/7697,https://dspace.mit.edu/handle/1721.1/7697/browse?rpp=100&sort_by=2&type=dateissued&etal=-1&order=ASC&year=1960&starts_with=&submit=Go,
Physics,Ph.D. / Sc.D.,1721.1/7695,https://dspace.mit.edu/handle/1721.1/7695/browse?rpp=100&sort_by=2&type=dateissued&etal=-1&order=ASC&year=1960&starts_with=&submit=Go,
Political Science,Bachelor's degree,1721.1/7700,https://dspace.mit.edu/handle/1721.1/7700/browse?rpp=100&sort_by=2&type=dateissued&etal=-1&order=ASC&year=1960&starts_with=&submit=Go,
Political Science,Master's degree,1721.1/7699,https://dspace.mit.edu/handle/1721.1/7699/browse?rpp=100&sort_by=2&type=dateissued&etal=-1&order=ASC&year=1960&starts_with=&submit=Go,
Political Science,Ph.D. / Sc.D.,1721.1/7698,https://dspace.mit.edu/handle/1721.1/7698/browse?rpp=100&sort_by=2&type=dateissued&etal=-1&order=ASC&year=1960&starts_with=&submit=Go,
Urban Studies and Planning,Bachelor's degree,1721.1/7703,https://dspace.mit.edu/handle/1721.1/7703/browse?rpp=100&sort_by=2&type=dateissued&etal=-1&order=ASC&year=1960&starts_with=&submit=Go,
Urban Studies and Planning,Master's degree,1721.1/7704,https://dspace.mit.edu/handle/1721.1/7704/browse?rpp=100&sort_by=2&type=dateissued&etal=-1&order=ASC&year=1960&starts_with=&submit=Go,
Urban Studies and Planning,Ph.D. / Sc.D.,1721.1/7702,https://dspace.mit.edu/handle/1721.1/7702/browse?rpp=100&sort_by=2&type=dateissued&etal=-1&order=ASC&year=1960&starts_with=&submit=Go,
Engineering Systems,Bachelor's degree,1721.1/7709,https://dspace.mit.edu/handle/1721.1/7709/browse?rpp=100&sort_by=2&type=dateissued&etal=-1&order=ASC&year=1960&starts_with=&submit=Go,
Engineering Systems,Engineer's degree,1721.1/7711,https://dspace.mit.edu/handle/1721.1/7711/browse?rpp=100&sort_by=2&type=dateissued&etal=-1&order=ASC&year=1960&starts_with=&submit=Go,
Engineering Systems,Master's degree,1721.1/7710,https://dspace.mit.edu/handle/1721.1/7710/browse?rpp=100&sort_by=2&type=dateissued&etal=-1&order=ASC&year=1960&starts_with=&submit=Go,
Engineering Systems,Ph.D. / Sc.D.,1721.1/7708,https://dspace.mit.edu/handle/1721.1/7708/browse?rpp=100&sort_by=2&type=dateissued&etal=-1&order=ASC&year=1960&starts_with=&submit=Go,
Health Sciences and Technology,Bachelor's degree,1721.1/7714,https://dspace.mit.edu/handle/1721.1/7714/browse?rpp=100&sort_by=2&type=dateissued&etal=-1&order=ASC&year=1960&starts_with=&submit=Go,
Health Sciences and Technology,Master's degree,1721.1/7715,https://dspace.mit.edu/handle/1721.1/7715/browse?rpp=100&sort_by=2&type=dateissued&etal=-1&order=ASC&year=1960&starts_with=&submit=Go,
Health Sciences and Technology,Ph.D. / Sc.D.,1721.1/7712,https://dspace.mit.edu/handle/1721.1/7712/browse?rpp=100&sort_by=2&type=dateissued&etal=-1&order=ASC&year=1960&starts_with=&submit=Go,
"Institute for Data, Systems, and Society",Engineer's degree,1721.1/102290,https://dspace.mit.edu/handle/1721.1/102290/browse?rpp=100&sort_by=2&type=dateissued&etal=-1&order=ASC&year=1960&starts_with=&submit=Go,
"Institute for Data, Systems, and Society",Master's degree,1721.1/102291,https://dspace.mit.edu/handle/1721.1/102291/browse?rpp=100&sort_by=2&type=dateissued&etal=-1&order=ASC&year=1960&starts_with=&submit=Go,
"Institute for Data, Systems, and Society",Ph.D. / Sc.D.,1721.1/102292,https://dspace.mit.edu/handle/1721.1/102292/browse?rpp=100&sort_by=2&type=dateissued&etal=-1&order=ASC&year=1960&starts_with=&submit=Go,
Media Arts and Sciences,Bachelor's degree,1721.1/7717,https://dspace.mit.edu/handle/1721.1/7717/browse?rpp=100&sort_by=2&type=dateissued&etal=-1&order=ASC&year=1960&starts_with=&submit=Go,
Media Arts and Sciences,Master's degree,1721.1/7718,https://dspace.mit.edu/handle/1721.1/7718/browse?rpp=100&sort_by=2&type=dateissued&etal=-1&order=ASC&year=1960&starts_with=&submit=Go,
Media Arts and Sciences,Ph.D. / Sc.D.,1721.1/7716,https://dspace.mit.edu/handle/1721.1/7716/browse?rpp=100&sort_by=2&type=dateissued&etal=-1&order=ASC&year=1960&starts_with=&submit=Go,
Operations Research,Bachelor's degree,1721.1/7721,https://dspace.mit.edu/handle/1721.1/7721/browse?rpp=100&sort_by=2&type=dateissued&etal=-1&order=ASC&year=1960&starts_with=&submit=Go,
Operations Research,Master's degree,1721.1/7720,https://dspace.mit.edu/handle/1721.1/7720/browse?rpp=100&sort_by=2&type=dateissued&etal=-1&order=ASC&year=1960&starts_with=&submit=Go,
Operations Research,Ph.D. / Sc.D.,1721.1/7719,https://dspace.mit.edu/handle/1721.1/7719/browse?rpp=100&sort_by=2&type=dateissued&etal=-1&order=ASC&year=1960&starts_with=&submit=Go,
Program in Real Estate Development,Master's degree,1721.1/54825,https://dspace.mit.edu/handle/1721.1/54825/browse?rpp=100&sort_by=2&type=dateissued&etal=-1&order=ASC&year=1960&starts_with=&submit=Go,
Program in Writing and Humanistic Studies,Bachelor's degree,1721.1/39111,https://dspace.mit.edu/handle/1721.1/39111/browse?rpp=100&sort_by=2&type=dateissued&etal=-1&order=ASC&year=1960&starts_with=&submit=Go,
Program in Writing and Humanistic Studies,Master's degree,1721.1/39112,https://dspace.mit.edu/handle/1721.1/39112/browse?rpp=100&sort_by=2&type=dateissued&etal=-1&order=ASC&year=1960&starts_with=&submit=Go,
"Science, Technology and Society",Bachelor's degree,1721.1/7727,https://dspace.mit.edu/handle/1721.1/7727/browse?rpp=100&sort_by=2&type=dateissued&etal=-1&order=ASC&year=1960&starts_with=&submit=Go,
"Science, Technology and Society",Master's degree,1721.1/7726,https://dspace.mit.edu/handle/1721.1/7726/browse?rpp=100&sort_by=2&type=dateissued&etal=-1&order=ASC&year=1960&starts_with=&submit=Go,
"Science, Technology and Society",Ph.D. / Sc.D.,1721.1/7725,https://dspace.mit.edu/handle/1721.1/7725/browse?rpp=100&sort_by=2&type=dateissued&etal=-1&order=ASC&year=1960&starts_with=&submit=Go,
Management,Bachelor's degree,1721.1/7729,https://dspace.mit.edu/handle/1721.1/7729/browse?rpp=100&sort_by=2&type=dateissued&etal=-1&order=ASC&year=1960&starts_with=&submit=Go,
Management,Master's degree,1721.1/7730,https://dspace.mit.edu/handle/1721.1/7730/browse?rpp=100&sort_by=2&type=dateissued&etal=-1&order=ASC&year=1960&starts_with=&submit=Go,
Management,Ph.D. / Sc.D.,1721.1/7728,https://dspace.mit.edu/handle/1721.1/7728/browse?rpp=100&sort_by=2&type=dateissued&etal=-1&order=ASC&year=1960&starts_with=&submit=Go,
Supply Chain Management,Master's degree,1721.1/107232,https://dspace.mit.edu/handle/1721.1/107232/browse?rpp=100&sort_by=2&type=dateissued&etal=-1&order=ASC&year=1960&starts_with=&submit=Go,
Supply Chain Management,Ph.D. / Sc.D.,1721.1/107233,https://dspace.mit.edu/handle/1721.1/107233/browse?rpp=100&sort_by=2&type=dateissued&etal=-1&order=ASC&year=1960&starts_with=&submit=Go,
Systems Design and Management,Bachelor's degree,1721.1/7740,https://dspace.mit.edu/handle/1721.1/7740/browse?rpp=100&sort_by=2&type=dateissued&etal=-1&order=ASC&year=1960&starts_with=&submit=Go,
Systems Design and Management,Master's degree,1721.1/7739,https://dspace.mit.edu/handle/1721.1/7739/browse?rpp=100&sort_by=2&type=dateissued&etal=-1&order=ASC&year=1960&starts_with=&submit=Go,
Systems Design and Management,Ph.D. / Sc.D.,1721.1/7738,https://dspace.mit.edu/handle/1721.1/7738/browse?rpp=100&sort_by=2&type=dateissued&etal=-1&order=ASC&year=1960&starts_with=&submit=Go,
Technology and Policy,Bachelor's degree,1721.1/7743,https://dspace.mit.edu/handle/1721.1/7743/browse?rpp=100&sort_by=2&type=dateissued&etal=-1&order=ASC&year=1960&starts_with=&submit=Go,
Technology and Policy,Master's degree,1721.1/7742,https://dspace.mit.edu/handle/1721.1/7742/browse?rpp=100&sort_by=2&type=dateissued&etal=-1&order=ASC&year=1960&starts_with=&submit=Go,
Technology and Policy,Ph.D. / Sc.D.,1721.1/7741,https://dspace.mit.edu/handle/1721.1/7741/browse?rpp=100&sort_by=2&type=dateissued&etal=-1&order=ASC&year=1960&starts_with=&submit=Go,
Various Historical Departments,Other,1721.1/16459,https://dspace.mit.edu/handle/1721.1/16459/browse?rpp=100&sort_by=2&type=dateissued&etal=-1&order=ASC&year=1960&starts_with=&submit=Go,
